Amb;Prof;Rep;NLabil ;NMOL;NTAF;NTAH;NTHum ;NT ;EstNT ;EstNAF ;EstNAH;EstNTHum; EstNLabil;EstNMOL;PLabil;PMOL;PTAF;PTAH;PTHum ;PT ;EstPT ;EstPAF ;EstPAH;EstPTHum;EstPLabil;EstPMOL
1;0-10;1;0,116287248;0,032087088;0,1024056;0,2730816;0,5575416;1,13784;1,33241064;0,119916958;0,319778554;0,652881214;0,136172367;0,03757398;0,011628725;0,003208709;0,01024056;0,02730816;0,05575416;0,113784;0,133241064;0,011991696;0,031977855;0,065288121;0,013617237;0,003757398
1;0-10;2;0,113701248;0,029501088;0,0998196;0,2704956;0,5549556;1,135254;1,32982464;0,117330958;0,317192554;0,650295214;0,133586367;0,03498798;0,011370125;0,002950109;0,00998196;0,02704956;0,05549556;0,1135254;0,132982464;0,011733096;0,031719255;0,065029521;0,013358637;0,003498798
1;0-10;3;0,114563248;0,030363088;0,1006816;0,2713576;0,5558176;1,136116;1,33068664;0,118192958;0,318054554;0,651157214;0,134448367;0,03584998;0,011456325;0,003036309;0,01006816;0,02713576;0,05558176;0,1136116;0,133068664;0,011819296;0,031805455;0,065115721;0,013444837;0,003584998
1;0-10;4;0,118873248;0,034673088;0,1049916;0,2756676;0,5601276;1,140426;1,33499664;0,122502958;0,322364554;0,655467214;0,138758367;0,04015998;0,011887325;0,003467309;0,01049916;0,02756676;0,05601276;0,1140426;0,133499664;0,012250296;0,032236455;0,065546721;0,013875837;0,004015998
1;0-10;5;0,118011248;0,033811088;0,1041296;0,2748056;0,5592656;1,139564;1,33413464;0,121640958;0,321502554;0,654605214;0,137896367;0,03929798;0,011801125;0,003381109;0,01041296;0,02748056;0,05592656;0,1139564;0,133413464;0,012164096;0,032150255;0,065460521;0,013789637;0,003929798
2;0-10;1;0,1249038;0,04232851;0,1804166;0,2359294;0,624519;1,38782;1,66677182;0,216680337;0,283351209;0,750047319;0,150009464;0,050836541;0,01249038;0,004232851;0,01804166;0,02359294;0,0624519;0,138782;0,166677182;0,021668034;0,028335121;0,075004732;0,015000946;0,005083654
2;0-10;2;0,1223178;0,03974251;0,1778306;0,2333434;0,621933;1,385234;1,66418582;0,214094337;0,280765209;0,747461319;0,147423464;0,048250541;0,01223178;0,003974251;0,01778306;0,02333434;0,0621933;0,1385234;0,166418582;0,021409434;0,028076521;0,074746132;0,014742346;0,004825054
2;0-10;3;0,1231798;0,04060451;0,1786926;0,2342054;0,622795;1,386096;1,66504782;0,214956337;0,281627209;0,748323319;0,148285464;0,049112541;0,01231798;0,004060451;0,01786926;0,02342054;0,0622795;0,1386096;0,166504782;0,021495634;0,028162721;0,074832332;0,014828546;0,004911254
2;0-10;4;0,1274898;0,04491451;0,1830026;0,2385154;0,627105;1,390406;1,66935782;0,219266337;0,285937209;0,752633319;0,152595464;0,053422541;0,01274898;0,004491451;0,01830026;0,02385154;0,0627105;0,1390406;0,166935782;0,021926634;0,028593721;0,075263332;0,015259546;0,005342254
2;0-10;5;0,1266278;0,04405251;0,1821406;0,2376534;0,626243;1,389544;1,66849582;0,218404337;0,285075209;0,751771319;0,151733464;0,052560541;0,01266278;0,004405251;0,01821406;0,02376534;0,0626243;0,1389544;0,166849582;0,021840434;0,028507521;0,075177132;0,015173346;0,005256054
4;0-10;1;0,13488576;0,041308764;0,140506;0,2950626;0,6744288;1,40506;1,55399636;0,155399636;0,326339236;0,745918253;0,149183651;0,045687493;0,013488576;0,004130876;0,0140506;0,02950626;0,06744288;0,140506;0,155399636;0,015539964;0,032633924;0,074591825;0,014918365;0,004568749
4;0-10;2;0,13229976;0,038722764;0,13792;0,2924766;0,6718428;1,402474;1,55141036;0,152813636;0,323753236;0,743332253;0,146597651;0,043101493;0,013229976;0,003872276;0,013792;0,02924766;0,06718428;0,1402474;0,155141036;0,015281364;0,032375324;0,074333225;0,014659765;0,004310149
4;0-10;3;0,13316176;0,039584764;0,138782;0,2933386;0,6727048;1,403336;1,55227236;0,153675636;0,324615236;0,744194253;0,147459651;0,043963493;0,013316176;0,003958476;0,0138782;0,02933386;0,06727048;0,1403336;0,155227236;0,015367564;0,032461524;0,074419425;0,014745965;0,004396349
4;0-10;4;0,13747176;0,043894764;0,143092;0,2976486;0,6770148;1,407646;1,55658236;0,157985636;0,328925236;0,748504253;0,151769651;0,048273493;0,013747176;0,004389476;0,0143092;0,02976486;0,06770148;0,1407646;0,155658236;0,015798564;0,032892524;0,074850425;0,015176965;0,004827349
4;0-10;5;0,13660976;0,043032764;0,14223;0,2967866;0,6761528;1,406784;1,55572036;0,157123636;0,328063236;0,747642253;0,150907651;0,047411493;0,013660976;0,004303276;0,014223;0,02967866;0,06761528;0,1406784;0,155572036;0,015712364;0,032806324;0,074764225;0,015090765;0,004741149
3;0-10;1;0,10884474;0,037490966;0,14512632;0,21768948;0,55631756;1,209386;1,515360658;0,181843279;0,272764918;0,697065903;0,136382459;0,04697618;0,010884474;0,003749097;0,014512632;0,021768948;0,055631756;0,1209386;0,151536066;0,018184328;0,027276492;0,06970659;0,013638246;0,004697618
3;0-10;2;0,10625874;0,034904966;0,14254032;0,21510348;0,55373156;1,2068;1,512774658;0,179257279;0,270178918;0,694479903;0,133796459;0,04439018;0,010625874;0,003490497;0,014254032;0,021510348;0,055373156;0,12068;0,151277466;0,017925728;0,027017892;0,06944799;0,013379646;0,004439018
3;0-10;3;0,10712074;0,035766966;0,14340232;0,21596548;0,55459356;1,207662;1,513636658;0,180119279;0,271040918;0,695341903;0,134658459;0,04525218;0,010712074;0,003576697;0,014340232;0,021596548;0,055459356;0,1207662;0,151363666;0,018011928;0,027104092;0,06953419;0,013465846;0,004525218
3;0-10;4;0,11143074;0,040076966;0,14771232;0,22027548;0,55890356;1,211972;1,517946658;0,184429279;0,275350918;0,699651903;0,138968459;0,04956218;0,011143074;0,004007697;0,014771232;0,022027548;0,055890356;0,1211972;0,151794666;0,018442928;0,027535092;0,06996519;0,013896846;0,004956218
3;0-10;5;0,11056874;0,039214966;0,14685032;0,21941348;0,55804156;1,21111;1,517084658;0,183567279;0,274488918;0,698789903;0,138106459;0,04870018;0,011056874;0,003921497;0,014685032;0,021941348;0,055804156;0,121111;0,151708466;0,018356728;0,027448892;0,06987899;0,013810646;0,004870018
5;0-10;1;0,0519786;0,033352935;0,1386096;0,0779679;0,4158288;0,86631;1,16865219;0,18698435;0,105178697;0,560953051;0,070119131;0,044993109;0,00519786;0,003335294;0,01386096;0,00779679;0,04158288;0,086631;0,116865219;0,018698435;0,01051787;0,056095305;0,007011913;0,004499311
5;0-10;2;0,0493926;0,030766935;0,1360236;0,0753819;0,4132428;0,863724;1,16606619;0,18439835;0,102592697;0,558367051;0,067533131;0,042407109;0,00493926;0,003076694;0,01360236;0,00753819;0,04132428;0,0863724;0,116606619;0,018439835;0,01025927;0,055836705;0,006753313;0,004240711
5;0-10;3;0,0502546;0,031628935;0,1368856;0,0762439;0,4141048;0,864586;1,16692819;0,18526035;0,103454697;0,559229051;0,068395131;0,043269109;0,00502546;0,003162894;0,01368856;0,00762439;0,04141048;0,0864586;0,116692819;0,018526035;0,01034547;0,055922905;0,006839513;0,004326911
5;0-10;4;0,0545646;0,035938935;0,1411956;0,0805539;0,4184148;0,868896;1,17123819;0,18957035;0,107764697;0,563539051;0,072705131;0,047579109;0,00545646;0,003593894;0,01411956;0,00805539;0,04184148;0,0868896;0,117123819;0,018957035;0,01077647;0,056353905;0,007270513;0,004757911
5;0-10;5;0,0537026;0,035076935;0,1403336;0,0796919;0,4175528;0,868034;1,17037619;0,18870835;0,106902697;0,562677051;0,071843131;0,046717109;0,00537026;0,003507694;0,01403336;0,00796919;0,04175528;0,0868034;0,117037619;0,018870835;0,01069027;0,056267705;0,007184313;0,004671711
1;out/20;1;0,109239536;0,030142416;0,0961992;0,2565312;0,5237512;1,06888;1,25272736;0,112745462;0,300654566;0,613836406;0,128028736;0,035326912;0,010923954;0,003014242;0,00961992;0,02565312;0,05237512;0,106888;0,125272736;0,011274546;0,030065457;0,061383641;0,012802874;0,003532691
1;out/20;2;0,106653536;0,027556416;0,0936132;0,2539452;0,5211652;1,066294;1,25014136;0,110159462;0,298068566;0,611250406;0,125442736;0,032740912;0,010665354;0,002755642;0,00936132;0,02539452;0,05211652;0,1066294;0,125014136;0,011015946;0,029806857;0,061125041;0,012544274;0,003274091
1;out/20;3;0,107515536;0,028418416;0,0944752;0,2548072;0,5220272;1,067156;1,25100336;0,111021462;0,298930566;0,612112406;0,126304736;0,033602912;0,010751554;0,002841842;0,00944752;0,02548072;0,05220272;0,1067156;0,125100336;0,011102146;0,029893057;0,061211241;0,012630474;0,003360291
1;out/20;4;0,111825536;0,032728416;0,0987852;0,2591172;0,5263372;1,071466;1,25531336;0,115331462;0,303240566;0,616422406;0,130614736;0,037912912;0,011182554;0,003272842;0,00987852;0,02591172;0,05263372;0,1071466;0,125531336;0,011533146;0,030324057;0,061642241;0,013061474;0,003791291
1;out/20;5;0,110963536;0,031866416;0,0979232;0,2582552;0,5254752;1,070604;1,25445136;0,114469462;0,302378566;0,615560406;0,129752736;0,037050912;0,011096354;0,003186642;0,00979232;0,02582552;0,05254752;0,1070604;0,125445136;0,011446946;0,030237857;0,061556041;0,012975274;0,003705091
2;out/20;1;0,12242124;0,041487198;0,17683068;0,23124012;0,6121062;1,360236;1,640444616;0,2132578;0,278875585;0,738200077;0,147640015;0,050033561;0,012242124;0,00414872;0,017683068;0,023124012;0,06121062;0,1360236;0,164044462;0,02132578;0,027887558;0,073820008;0,014764002;0,005003356
2;out/20;2;0,11983524;0,038901198;0,17424468;0,22865412;0,6095202;1,35765;1,637858616;0,2106718;0,276289585;0,735614077;0,145054015;0,047447561;0,011983524;0,00389012;0,017424468;0,022865412;0,06095202;0,135765;0,163785862;0,02106718;0,027628958;0,073561408;0,014505402;0,004744756
2;out/20;3;0,12069724;0,039763198;0,17510668;0,22951612;0,6103822;1,358512;1,638720616;0,2115338;0,277151585;0,736476077;0,145916015;0,048309561;0,012069724;0,00397632;0,017510668;0,022951612;0,06103822;0,1358512;0,163872062;0,02115338;0,027715158;0,073647608;0,014591602;0,004830956
2;out/20;4;0,12500724;0,044073198;0,17941668;0,23382612;0,6146922;1,362822;1,643030616;0,2158438;0,281461585;0,740786077;0,150226015;0,052619561;0,012500724;0,00440732;0,017941668;0,023382612;0,06146922;0,1362822;0,164303062;0,02158438;0,028146158;0,074078608;0,015022602;0,005261956
2;out/20;5;0,12414524;0,043211198;0,17855468;0,23296412;0,6138302;1,36196;1,642168616;0,2149818;0,280599585;0,739924077;0,149364015;0,051757561;0,012414524;0,00432112;0,017855468;0,023296412;0,06138302;0,136196;0,164216862;0,02149818;0,028059958;0,073992408;0,014936402;0,005175756
4;out/20;1;0,127603584;0,039078598;0,1329204;0,27913284;0,63801792;1,329204;1,618970472;0,161897047;0,339983799;0,777105827;0,155421165;0,047597732;0,012760358;0,00390786;0,01329204;0,027913284;0,063801792;0,1329204;0,161897047;0,016189705;0,03399838;0,077710583;0,015542117;0,004759773
4;out/20;2;0,125017584;0,036492598;0,1303344;0,27654684;0,63543192;1,326618;1,616384472;0,159311047;0,337397799;0,774519827;0,152835165;0,045011732;0,012501758;0,00364926;0,01303344;0,027654684;0,063543192;0,1326618;0,161638447;0,015931105;0,03373978;0,077451983;0,015283517;0,004501173
4;out/20;3;0,125879584;0,037354598;0,1311964;0,27740884;0,63629392;1,32748;1,617246472;0,160173047;0,338259799;0,775381827;0,153697165;0,045873732;0,012587958;0,00373546;0,01311964;0,027740884;0,063629392;0,132748;0,161724647;0,016017305;0,03382598;0,077538183;0,015369717;0,004587373
4;out/20;4;0,130189584;0,041664598;0,1355064;0,28171884;0,64060392;1,33179;1,621556472;0,164483047;0,342569799;0,779691827;0,158007165;0,050183732;0,013018958;0,00416646;0,01355064;0,028171884;0,064060392;0,133179;0,162155647;0,016448305;0,03425698;0,077969183;0,015800717;0,005018373
4;out/20;5;0,129327584;0,040802598;0,1346444;0,28085684;0,63974192;1,330928;1,620694472;0,163621047;0,341707799;0,778829827;0,157145165;0,049321732;0,012932758;0,00408026;0,01346444;0,028085684;0,063974192;0,1330928;0,162069447;0,016362105;0,03417078;0,077882983;0,015714517;0,004932173
3;out/20;1;0,10721556;0,036929804;0,14295408;0,21443112;0,54799064;1,191284;1,592746708;0,191129605;0,286694407;0,732663486;0,143347204;0,049375148;0,010721556;0,00369298;0,014295408;0,021443112;0,054799064;0,1191284;0,159274671;0,01911296;0,028669441;0,073266349;0,01433472;0,004937515
3;out/20;2;0,10462956;0,034343804;0,14036808;0,21184512;0,54540464;1,188698;1,590160708;0,188543605;0,284108407;0,730077486;0,140761204;0,046789148;0,010462956;0,00343438;0,014036808;0,021184512;0,054540464;0,1188698;0,159016071;0,01885436;0,028410841;0,073007749;0,01407612;0,004678915
3;out/20;3;0,10549156;0,035205804;0,14123008;0,21270712;0,54626664;1,18956;1,591022708;0,189405605;0,284970407;0,730939486;0,141623204;0,047651148;0,010549156;0,00352058;0,014123008;0,021270712;0,054626664;0,118956;0,159102271;0,01894056;0,028497041;0,073093949;0,01416232;0,004765115
3;out/20;4;0,10980156;0,039515804;0,14554008;0,21701712;0,55057664;1,19387;1,595332708;0,193715605;0,289280407;0,735249486;0,145933204;0,051961148;0,010980156;0,00395158;0,014554008;0,021701712;0,055057664;0,119387;0,159533271;0,01937156;0,028928041;0,073524949;0,01459332;0,005196115
3;out/20;5;0,10893956;0,038653804;0,14467808;0,21615512;0,54971464;1,193008;1,594470708;0,192853605;0,288418407;0,734387486;0,145071204;0,051099148;0,010893956;0,00386538;0,014467808;0,021615512;0,054971464;0,1193008;0,159447071;0,01928536;0,028841841;0,073438749;0,01450712;0,005109915
5;out/20;1;0,05104764;0,032755569;0,13612704;0,07657146;0,40838112;0,850794;1,170692544;0,187310807;0,105362329;0,561932421;0,070241553;0,045071663;0,005104764;0,003275557;0,013612704;0,007657146;0,040838112;0,0850794;0,117069254;0,018731081;0,010536233;0,056193242;0,007024155;0,004507166
5;out/20;2;0,04846164;0,030169569;0,13354104;0,07398546;0,40579512;0,848208;1,168106544;0,184724807;0,102776329;0,559346421;0,067655553;0,042485663;0,004846164;0,003016957;0,013354104;0,007398546;0,040579512;0,0848208;0,116810654;0,018472481;0,010277633;0,055934642;0,006765555;0,004248566
5;out/20;3;0,04932364;0,031031569;0,13440304;0,07484746;0,40665712;0,84907;1,168968544;0,185586807;0,103638329;0,560208421;0,068517553;0,043347663;0,004932364;0,003103157;0,013440304;0,007484746;0,040665712;0,084907;0,116896854;0,018558681;0,010363833;0,056020842;0,006851755;0,004334766
5;out/20;4;0,05363364;0,035341569;0,13871304;0,07915746;0,41096712;0,85338;1,173278544;0,189896807;0,107948329;0,564518421;0,072827553;0,047657663;0,005363364;0,003534157;0,013871304;0,007915746;0,041096712;0,085338;0,117327854;0,018989681;0,010794833;0,056451842;0,007282755;0,004765766
5;out/20;5;0,05277164;0,034479569;0,13785104;0,07829546;0,41010512;0,852518;1,172416544;0,189034807;0,107086329;0,563656421;0,071965553;0,046795663;0,005277164;0,003447957;0,013785104;0,007829546;0,041010512;0,0852518;0,117241654;0,018903481;0,010708633;0,056365642;0,007196555;0,004679566
1;20-30;1;0,086334472;0,023822232;0,0760284;0,2027424;0,4139324;0,84476;0,99597204;0,089637484;0,23903329;0,4880263;0,101788342;0,028086412;0,008633447;0,002382223;0,00760284;0,02027424;0,04139324;0,084476;0,099597204;0,008963748;0,023903329;0,04880263;0,010178834;0,002808641
1;20-30;2;0,083748472;0,021236232;0,0734424;0,2001564;0,4113464;0,842174;0,99338604;0,087051484;0,23644729;0,4854403;0,099202342;0,025500412;0,008374847;0,002123623;0,00734424;0,02001564;0,04113464;0,0842174;0,099338604;0,008705148;0,023644729;0,04854403;0,009920234;0,002550041
1;20-30;3;0,084610472;0,022098232;0,0743044;0,2010184;0,4122084;0,843036;0,99424804;0,087913484;0,23730929;0,4863023;0,100064342;0,026362412;0,008461047;0,002209823;0,00743044;0,02010184;0,04122084;0,0843036;0,099424804;0,008791348;0,023730929;0,04863023;0,010006434;0,002636241
1;20-30;4;0,088920472;0,026408232;0,0786144;0,2053284;0,4165184;0,847346;0,99855804;0,092223484;0,24161929;0,4906123;0,104374342;0,030672412;0,008892047;0,002640823;0,00786144;0,02053284;0,04165184;0,0847346;0,099855804;0,009222348;0,024161929;0,04906123;0,010437434;0,003067241
1;20-30;5;0,088058472;0,025546232;0,0777524;0,2044664;0,4156564;0,846484;0,99769604;0,091361484;0,24075729;0,4897503;0,103512342;0,029810412;0,008805847;0,002554623;0,00777524;0,02044664;0,04156564;0,0846484;0,099769604;0,009136148;0,024075729;0,04897503;0,010351234;0,002981041
2;20-30;1;0,07781274;0,026369873;0,11239618;0,14697962;0,3890637;0,864586;1,078138742;0,140158036;0,183283586;0,485162434;0,097032487;0,032883232;0,007781274;0,002636987;0,011239618;0,014697962;0,03890637;0,0864586;0,107813874;0,014015804;0,018328359;0,048516243;0,009703249;0,003288323
2;20-30;2;0,07522674;0,023783873;0,10981018;0,14439362;0,3864777;0,862;1,075552742;0,137572036;0,180697586;0,482576434;0,094446487;0,030297232;0,007522674;0,002378387;0,010981018;0,014439362;0,03864777;0,0862;0,107555274;0,013757204;0,018069759;0,048257643;0,009444649;0,003029723
2;20-30;3;0,07608874;0,024645873;0,11067218;0,14525562;0,3873397;0,862862;1,076414742;0,138434036;0,181559586;0,483438434;0,095308487;0,031159232;0,007608874;0,002464587;0,011067218;0,014525562;0,03873397;0,0862862;0,107641474;0,013843404;0,018155959;0,048343843;0,009530849;0,003115923
2;20-30;4;0,08039874;0,028955873;0,11498218;0,14956562;0,3916497;0,867172;1,080724742;0,142744036;0,185869586;0,487748434;0,099618487;0,035469232;0,008039874;0,002895587;0,011498218;0,014956562;0,03916497;0,0867172;0,108072474;0,014274404;0,018586959;0,048774843;0,009961849;0,003546923
2;20-30;5;0,07953674;0,028093873;0,11412018;0,14870362;0,3907877;0,86631;1,079862742;0,141882036;0,185007586;0,486886434;0,098756487;0,034607232;0,007953674;0,002809387;0,011412018;0,014870362;0,03907877;0,086631;0,107986274;0,014188204;0,018500759;0,048688643;0,009875649;0,003460723
4;20-30;1;0,09268224;0,028383936;0,096544;0,2027424;0,4634112;0,96544;1,2116272;0,12116272;0,254441712;0,581581056;0,116316211;0,03562184;0,009268224;0,002838394;0,0096544;0,02027424;0,04634112;0,096544;0,12116272;0,012116272;0,025444171;0,058158106;0,011631621;0,003562184
4;20-30;2;0,09009624;0,025797936;0,093958;0,2001564;0,4608252;0,962854;1,2090412;0,11857672;0,251855712;0,578995056;0,113730211;0,03303584;0,009009624;0,002579794;0,0093958;0,02001564;0,04608252;0,0962854;0,12090412;0,011857672;0,025185571;0,057899506;0,011373021;0,003303584
4;20-30;3;0,09095824;0,026659936;0,09482;0,2010184;0,4616872;0,963716;1,2099032;0,11943872;0,252717712;0,579857056;0,114592211;0,03389784;0,009095824;0,002665994;0,009482;0,02010184;0,04616872;0,0963716;0,12099032;0,011943872;0,025271771;0,057985706;0,011459221;0,003389784
4;20-30;4;0,09526824;0,030969936;0,09913;0,2053284;0,4659972;0,968026;1,2142132;0,12374872;0,257027712;0,584167056;0,118902211;0,03820784;0,009526824;0,003096994;0,009913;0,02053284;0,04659972;0,0968026;0,12142132;0,012374872;0,025702771;0,058416706;0,011890221;0,003820784
4;20-30;5;0,09440624;0,030107936;0,098268;0,2044664;0,4651352;0,967164;1,2133512;0,12288672;0,256165712;0,583305056;0,118040211;0,03734584;0,009440624;0,003010794;0,0098268;0,02044664;0,04651352;0,0967164;0,12133512;0,012288672;0,025616571;0,058330506;0,011804021;0,003734584
3;20-30;1;0,07742484;0,026668556;0,10323312;0,15484968;0,39572696;0,860276;1,155350668;0,13864208;0,20796312;0,531461307;0,10398156;0,035815871;0,007742484;0,002666856;0,010323312;0,015484968;0,039572696;0,0860276;0,115535067;0,013864208;0,020796312;0,053146131;0,010398156;0,003581587
3;20-30;2;0,07483884;0,024082556;0,10064712;0,15226368;0,39314096;0,85769;1,152764668;0,13605608;0,20537712;0,528875307;0,10139556;0,033229871;0,007483884;0,002408256;0,010064712;0,015226368;0,039314096;0,085769;0,115276467;0,013605608;0,020537712;0,052887531;0,010139556;0,003322987
3;20-30;3;0,07570084;0,024944556;0,10150912;0,15312568;0,39400296;0,858552;1,153626668;0,13691808;0,20623912;0,529737307;0,10225756;0,034091871;0,007570084;0,002494456;0,010150912;0,015312568;0,039400296;0,0858552;0,115362667;0,013691808;0,020623912;0,052973731;0,010225756;0,003409187
3;20-30;4;0,08001084;0,029254556;0,10581912;0,15743568;0,39831296;0,862862;1,157936668;0,14122808;0,21054912;0,534047307;0,10656756;0,038401871;0,008001084;0,002925456;0,010581912;0,015743568;0,039831296;0,0862862;0,115793667;0,014122808;0,021054912;0,053404731;0,010656756;0,003840187
3;20-30;5;0,07914884;0,028392556;0,10495712;0,15657368;0,39745096;0,862;1,157074668;0,14036608;0,20968712;0,533185307;0,10570556;0,037539871;0,007914884;0,002839256;0,010495712;0,015657368;0,039745096;0,0862;0,115707467;0,014036608;0,020968712;0,053318531;0,010570556;0,003753987
5;20-30;1;0,0496512;0,03185952;0,1324032;0,0744768;0,3972096;0,82752;1,16928576;0,187085722;0,105235718;0,561257165;0,070157146;0,045017502;0,00496512;0,003185952;0,01324032;0,00744768;0,03972096;0,082752;0,116928576;0,018708572;0,010523572;0,056125716;0,007015715;0,00450175
5;20-30;2;0,0470652;0,02927352;0,1298172;0,0718908;0,3946236;0,824934;1,16669976;0,184499722;0,102649718;0,558671165;0,067571146;0,042431502;0,00470652;0,002927352;0,01298172;0,00718908;0,03946236;0,0824934;0,116669976;0,018449972;0,010264972;0,055867116;0,006757115;0,00424315
5;20-30;3;0,0479272;0,03013552;0,1306792;0,0727528;0,3954856;0,825796;1,16756176;0,185361722;0,103511718;0,559533165;0,068433146;0,043293502;0,00479272;0,003013552;0,01306792;0,00727528;0,03954856;0,0825796;0,116756176;0,018536172;0,010351172;0,055953316;0,006843315;0,00432935
5;20-30;4;0,0522372;0,03444552;0,1349892;0,0770628;0,3997956;0,830106;1,17187176;0,189671722;0,107821718;0,563843165;0,072743146;0,047603502;0,00522372;0,003444552;0,01349892;0,00770628;0,03997956;0,0830106;0,117187176;0,018967172;0,010782172;0,056384316;0,007274315;0,00476035
5;20-30;5;0,0513752;0,03358352;0,1341272;0,0762008;0,3989336;0,829244;1,17100976;0,188809722;0,106959718;0,562981165;0,071881146;0,046741502;0,00513752;0,003358352;0,01341272;0,00762008;0,03989336;0,0829244;0,117100976;0,018880972;0,010695972;0,056298116;0,007188115;0,00467415
1;30-40;1;0,083251098;0,022971438;0,0733131;0,1955016;0,3991491;0,81459;0,97017669;0,087315902;0,232842406;0,475386578;0,099152058;0,027358983;0,00832511;0,002297144;0,00733131;0,01955016;0,03991491;0,081459;0,097017669;0,00873159;0,023284241;0,047538658;0,009915206;0,002735898
1;30-40;2;0,080665098;0,020385438;0,0707271;0,1929156;0,3965631;0,812004;0,96759069;0,084729902;0,230256406;0,472800578;0,096566058;0,024772983;0,00806651;0,002038544;0,00707271;0,01929156;0,03965631;0,0812004;0,096759069;0,00847299;0,023025641;0,047280058;0,009656606;0,002477298
1;30-40;3;0,081527098;0,021247438;0,0715891;0,1937776;0,3974251;0,812866;0,96845269;0,085591902;0,231118406;0,473662578;0,097428058;0,025634983;0,00815271;0,002124744;0,00715891;0,01937776;0,03974251;0,0812866;0,096845269;0,00855919;0,023111841;0,047366258;0,009742806;0,002563498
1;30-40;4;0,085837098;0,025557438;0,0758991;0,1980876;0,4017351;0,817176;0,97276269;0,089901902;0,235428406;0,477972578;0,101738058;0,029944983;0,00858371;0,002555744;0,00758991;0,01980876;0,04017351;0,0817176;0,097276269;0,00899019;0,023542841;0,047797258;0,010173806;0,002994498
1;30-40;5;0,084975098;0,024695438;0,0750371;0,1972256;0,4008731;0,816314;0,97190069;0,089039902;0,234566406;0,477110578;0,100876058;0,029082983;0,00849751;0,002469544;0,00750371;0,01972256;0,04008731;0,0816314;0,097190069;0,00890399;0,023456641;0,047711058;0,010087606;0,002908298
2;30-40;1;0,07230456;0,024503212;0,10443992;0,13657528;0,3615228;0,803384;1,054843192;0,137129615;0,179323343;0,474679436;0,094935887;0,032172717;0,007230456;0,002450321;0,010443992;0,013657528;0,03615228;0,0803384;0,105484319;0,013712961;0,017932334;0,047467944;0,009493589;0,003217272
2;30-40;2;0,06971856;0,021917212;0,10185392;0,13398928;0,3589368;0,800798;1,052257192;0,134543615;0,176737343;0,472093436;0,092349887;0,029586717;0,006971856;0,002191721;0,010185392;0,013398928;0,03589368;0,0800798;0,105225719;0,013454361;0,017673734;0,047209344;0,009234989;0,002958672
2;30-40;3;0,07058056;0,022779212;0,10271592;0,13485128;0,3597988;0,80166;1,053119192;0,135405615;0,177599343;0,472955436;0,093211887;0,030448717;0,007058056;0,002277921;0,010271592;0,013485128;0,03597988;0,080166;0,105311919;0,013540561;0,017759934;0,047295544;0,009321189;0,003044872
2;30-40;4;0,07489056;0,027089212;0,10702592;0,13916128;0,3641088;0,80597;1,057429192;0,139715615;0,181909343;0,477265436;0,097521887;0,034758717;0,007489056;0,002708921;0,010702592;0,013916128;0,03641088;0,080597;0,105742919;0,013971561;0,018190934;0,047726544;0,009752189;0,003475872
2;30-40;5;0,07402856;0,026227212;0,10616392;0,13829928;0,3632468;0,805108;1,056567192;0,138853615;0,181047343;0,476403436;0,096659887;0,033896717;0,007402856;0,002622721;0,010616392;0,013829928;0,03632468;0,0805108;0,105656719;0,013885361;0,018104734;0,047640344;0,009665989;0,003389672
4;30-40;1;0,082917504;0,025393486;0,0863724;0,18138204;0,41458752;0,863724;1,102111824;0,110211182;0,231443483;0,529013676;0,105802735;0,032402088;0,00829175;0,002539349;0,00863724;0,018138204;0,041458752;0,0863724;0,110211182;0,011021118;0,023144348;0,052901368;0,010580274;0,003240209
4;30-40;2;0,080331504;0,022807486;0,0837864;0,17879604;0,41200152;0,861138;1,099525824;0,107625182;0,228857483;0,526427676;0,103216735;0,029816088;0,00803315;0,002280749;0,00837864;0,017879604;0,041200152;0,0861138;0,109952582;0,010762518;0,022885748;0,052642768;0,010321674;0,002981609
4;30-40;3;0,081193504;0,023669486;0,0846484;0,17965804;0,41286352;0,862;1,100387824;0,108487182;0,229719483;0,527289676;0,104078735;0,030678088;0,00811935;0,002366949;0,00846484;0,017965804;0,041286352;0,0862;0,110038782;0,010848718;0,022971948;0,052728968;0,010407874;0,003067809
4;30-40;4;0,085503504;0,027979486;0,0889584;0,18396804;0,41717352;0,86631;1,104697824;0,112797182;0,234029483;0,531599676;0,108388735;0,034988088;0,00855035;0,002797949;0,00889584;0,018396804;0,041717352;0,086631;0,110469782;0,011279718;0,023402948;0,053159968;0,010838874;0,003498809
4;30-40;5;0,084641504;0,027117486;0,0880964;0,18310604;0,41631152;0,865448;1,103835824;0,111935182;0,233167483;0,530737676;0,107526735;0,034126088;0,00846415;0,002711749;0,00880964;0,018310604;0,041631152;0,0865448;0,110383582;0,011193518;0,023316748;0,053073768;0,010752674;0,003412609
3;30-40;1;0,06997716;0,024103244;0,09330288;0,13995432;0,35766104;0,777524;1,048879876;0,125865585;0,188798378;0,482484743;0,094399189;0,032515276;0,006997716;0,002410324;0,009330288;0,013995432;0,035766104;0,0777524;0,104887988;0,012586559;0,018879838;0,048248474;0,009439919;0,003251528
3;30-40;2;0,06739116;0,021517244;0,09071688;0,13736832;0,35507504;0,774938;1,046293876;0,123279585;0,186212378;0,479898743;0,091813189;0,029929276;0,006739116;0,002151724;0,009071688;0,013736832;0,035507504;0,0774938;0,104629388;0,012327959;0,018621238;0,047989874;0,009181319;0,002992928
3;30-40;3;0,06825316;0,022379244;0,09157888;0,13823032;0,35593704;0,7758;1,047155876;0,124141585;0,187074378;0,480760743;0,092675189;0,030791276;0,006825316;0,002237924;0,009157888;0,013823032;0,035593704;0,07758;0,104715588;0,012414159;0,018707438;0,048076074;0,009267519;0,003079128
3;30-40;4;0,07256316;0,026689244;0,09588888;0,14254032;0,36024704;0,78011;1,051465876;0,128451585;0,191384378;0,485070743;0,096985189;0,035101276;0,007256316;0,002668924;0,009588888;0,014254032;0,036024704;0,078011;0,105146588;0,012845159;0,019138438;0,048507074;0,009698519;0,003510128
3;30-40;5;0,07170116;0,025827244;0,09502688;0,14167832;0,35938504;0,779248;1,050603876;0,127589585;0,190522378;0,484208743;0,096123189;0,034239276;0,007170116;0,002582724;0,009502688;0,014167832;0,035938504;0,0779248;0,105060388;0,012758959;0,019052238;0,048420874;0,009612319;0,003423928
5;30-40;1;0,04820304;0,030930284;0,12854144;0,07230456;0,38562432;0,803384;1,158479728;0,185356756;0,104263176;0,556070269;0,069508784;0,04460147;0,004820304;0,003093028;0,012854144;0,007230456;0,038562432;0,0803384;0,115847973;0,018535676;0,010426318;0,055607027;0,006950878;0,004460147
5;30-40;2;0,04561704;0,028344284;0,12595544;0,06971856;0,38303832;0,800798;1,155893728;0,182770756;0,101677176;0,553484269;0,066922784;0,04201547;0,004561704;0,002834428;0,012595544;0,006971856;0,038303832;0,0800798;0,115589373;0,018277076;0,010167718;0,055348427;0,006692278;0,004201547
5;30-40;3;0,04647904;0,029206284;0,12681744;0,07058056;0,38390032;0,80166;1,156755728;0,183632756;0,102539176;0,554346269;0,067784784;0,04287747;0,004647904;0,002920628;0,012681744;0,007058056;0,038390032;0,080166;0,115675573;0,018363276;0,010253918;0,055434627;0,006778478;0,004287747
5;30-40;4;0,05078904;0,033516284;0,13112744;0,07489056;0,38821032;0,80597;1,161065728;0,187942756;0,106849176;0,558656269;0,072094784;0,04718747;0,005078904;0,003351628;0,013112744;0,007489056;0,038821032;0,080597;0,116106573;0,018794276;0,010684918;0,055865627;0,007209478;0,004718747
5;30-40;5;0,04992704;0,032654284;0,13026544;0,07402856;0,38734832;0,805108;1,160203728;0,187080756;0,105987176;0,557794269;0,071232784;0,04632547;0,004992704;0,003265428;0,013026544;0,007402856;0,038734832;0,0805108;0,116020373;0,018708076;0,010598718;0,055779427;0,007123278;0,004632547
1;40-50;1;0,081929652;0,022606812;0,0721494;0,1923984;0,3928134;0,80166;0,9820335;0,088383015;0,23568804;0,481196415;0,100363824;0,027693345;0,008192965;0,002260681;0,00721494;0,01923984;0,03928134;0,080166;0,09820335;0,008838302;0,023568804;0,048119642;0,010036382;0,002769334
1;40-50;2;0,079343652;0,020020812;0,0695634;0,1898124;0,3902274;0,799074;0,9794475;0,085797015;0,23310204;0,478610415;0,097777824;0,025107345;0,007934365;0,002002081;0,00695634;0,01898124;0,03902274;0,0799074;0,09794475;0,008579702;0,023310204;0,047861042;0,009777782;0,002510734
1;40-50;3;0,080205652;0,020882812;0,0704254;0,1906744;0,3910894;0,799936;0,9803095;0,086659015;0,23396404;0,479472415;0,098639824;0,025969345;0,008020565;0,002088281;0,00704254;0,01906744;0,03910894;0,0799936;0,09803095;0,008665902;0,023396404;0,047947242;0,009863982;0,002596934
1;40-50;4;0,084515652;0,025192812;0,0747354;0,1949844;0,3953994;0,804246;0,9846195;0,090969015;0,23827404;0,483782415;0,102949824;0,030279345;0,008451565;0,002519281;0,00747354;0,01949844;0,03953994;0,0804246;0,09846195;0,009096902;0,023827404;0,048378242;0,010294982;0,003027934
1;40-50;5;0,083653652;0,024330812;0,0738734;0,1941224;0,3945374;0,803384;0,9837575;0,090107015;0,23741204;0,482920415;0,102087824;0,029417345;0,008365365;0,002433081;0,00738734;0,01941224;0,03945374;0,0803384;0,09837575;0,009010702;0,023741204;0,048292042;0,010208782;0,002941734
2;40-50;1;0,0558576;0,01892952;0,0806832;0,1055088;0,279288;0,62064;0,82420992;0,10714729;0,140115686;0,370894464;0,074178893;0,025138403;0,00558576;0,001892952;0,00806832;0,01055088;0,0279288;0,062064;0,082420992;0,010714729;0,014011569;0,037089446;0,007417889;0,00251384
2;40-50;2;0,0532716;0,01634352;0,0780972;0,1029228;0,276702;0,618054;0,82162392;0,10456129;0,137529686;0,368308464;0,071592893;0,022552403;0,00532716;0,001634352;0,00780972;0,01029228;0,0276702;0,0618054;0,082162392;0,010456129;0,013752969;0,036830846;0,007159289;0,00225524
2;40-50;3;0,0541336;0,01720552;0,0789592;0,1037848;0,277564;0,618916;0,82248592;0,10542329;0,138391686;0,369170464;0,072454893;0,023414403;0,00541336;0,001720552;0,00789592;0,01037848;0,0277564;0,0618916;0,082248592;0,010542329;0,013839169;0,036917046;0,007245489;0,00234144
2;40-50;4;0,0584436;0,02151552;0,0832692;0,1080948;0,281874;0,623226;0,82679592;0,10973329;0,142701686;0,373480464;0,076764893;0,027724403;0,00584436;0,002151552;0,00832692;0,01080948;0,0281874;0,0623226;0,082679592;0,010973329;0,014270169;0,037348046;0,007676489;0,00277244
2;40-50;5;0,0575816;0,02065352;0,0824072;0,1072328;0,281012;0,622364;0,82593392;0,10887129;0,141839686;0,372618464;0,075902893;0,026862403;0,00575816;0,002065352;0,00824072;0,01072328;0,0281012;0,0622364;0,082593392;0,010887129;0,014183969;0,037261846;0,007590289;0,00268624
4;40-50;1;0,07530432;0,023061948;0,078442;0,1647282;0,3765216;0,78442;1,01033296;0,101033296;0,212169922;0,484959821;0,096991964;0,029703789;0,007530432;0,002306195;0,0078442;0,01647282;0,03765216;0,078442;0,101033296;0,01010333;0,021216992;0,048495982;0,009699196;0,002970379
4;40-50;2;0,07271832;0,020475948;0,075856;0,1621422;0,3739356;0,781834;1,00774696;0,098447296;0,209583922;0,482373821;0,094405964;0,027117789;0,007271832;0,002047595;0,0075856;0,01621422;0,03739356;0,0781834;0,100774696;0,00984473;0,020958392;0,048237382;0,009440596;0,002711779
4;40-50;3;0,07358032;0,021337948;0,076718;0,1630042;0,3747976;0,782696;1,00860896;0,099309296;0,210445922;0,483235821;0,095267964;0,027979789;0,007358032;0,002133795;0,0076718;0,01630042;0,03747976;0,0782696;0,100860896;0,00993093;0,021044592;0,048323582;0,009526796;0,002797979
4;40-50;4;0,07789032;0,025647948;0,081028;0,1673142;0,3791076;0,787006;1,01291896;0,103619296;0,214755922;0,487545821;0,099577964;0,032289789;0,007789032;0,002564795;0,0081028;0,01673142;0,03791076;0,0787006;0,101291896;0,01036193;0,021475592;0,048754582;0,009957796;0,003228979
4;40-50;5;0,07702832;0,024785948;0,080166;0,1664522;0,3782456;0,786144;1,01205696;0,102757296;0,213893922;0,486683821;0,098715964;0,031427789;0,007702832;0,002478595;0,0080166;0,01664522;0,03782456;0,0786144;0,101205696;0,01027573;0,021389392;0,048668382;0,009871596;0,003142779
3;40-50;1;0,0667188;0,02298092;0,0889584;0,1334376;0,3410072;0,74132;1,04377856;0,125253427;0,187880141;0,480138138;0,09394007;0,032357135;0,00667188;0,002298092;0,00889584;0,01334376;0,03410072;0,074132;0,104377856;0,012525343;0,018788014;0,048013814;0,009394007;0,003235714
3;40-50;2;0,0641328;0,02039492;0,0863724;0,1308516;0,3384212;0,738734;1,04119256;0,122667427;0,185294141;0,477552138;0,09135407;0,029771135;0,00641328;0,002039492;0,00863724;0,01308516;0,03384212;0,0738734;0,104119256;0,012266743;0,018529414;0,047755214;0,009135407;0,002977114
3;40-50;3;0,0649948;0,02125692;0,0872344;0,1317136;0,3392832;0,739596;1,04205456;0,123529427;0,186156141;0,478414138;0,09221607;0,030633135;0,00649948;0,002125692;0,00872344;0,01317136;0,03392832;0,0739596;0,104205456;0,012352943;0,018615614;0,047841414;0,009221607;0,003063314
3;40-50;4;0,0693048;0,02556692;0,0915444;0,1360236;0,3435932;0,743906;1,04636456;0,127839427;0,190466141;0,482724138;0,09652607;0,034943135;0,00693048;0,002556692;0,00915444;0,01360236;0,03435932;0,0743906;0,104636456;0,012783943;0,019046614;0,048272414;0,009652607;0,003494314
3;40-50;5;0,0684428;0,02470492;0,0906824;0,1351616;0,3427312;0,743044;1,04550256;0,126977427;0,189604141;0,481862138;0,09566407;0,034081135;0,00684428;0,002470492;0,00906824;0,01351616;0,03427312;0,0743044;0,104550256;0,012697743;0,018960414;0,048186214;0,009566407;0,003408114
5;40-50;1;0,0470652;0,03020017;0,1255072;0,0705978;0,3765216;0,78442;1,18682746;0,189892394;0,106814471;0,569677181;0,071209648;0,045692857;0,00470652;0,003020017;0,01255072;0,00705978;0,03765216;0,078442;0,118682746;0,018989239;0,010681447;0,056967718;0,007120965;0,004569286
5;40-50;2;0,0444792;0,02761417;0,1229212;0,0680118;0,3739356;0,781834;1,18424146;0,187306394;0,104228471;0,567091181;0,068623648;0,043106857;0,00444792;0,002761417;0,01229212;0,00680118;0,03739356;0,0781834;0,118424146;0,018730639;0,010422847;0,056709118;0,006862365;0,004310686
5;40-50;3;0,0453412;0,02847617;0,1237832;0,0688738;0,3747976;0,782696;1,18510346;0,188168394;0,105090471;0,567953181;0,069485648;0,043968857;0,00453412;0,002847617;0,01237832;0,00688738;0,03747976;0,0782696;0,118510346;0,018816839;0,010509047;0,056795318;0,006948565;0,004396886
5;40-50;4;0,0496512;0,03278617;0,1280932;0,0731838;0,3791076;0,787006;1,18941346;0,192478394;0,109400471;0,572263181;0,073795648;0,048278857;0,00496512;0,003278617;0,01280932;0,00731838;0,03791076;0,0787006;0,118941346;0,019247839;0,010940047;0,057226318;0,007379565;0,004827886
5;40-50;5;0,0487892;0,03192417;0,1272312;0,0723218;0,3782456;0,786144;1,18855146;0,191616394;0,108538471;0,571401181;0,072933648;0,047416857;0,00487892;0,003192417;0,01272312;0,00723218;0,03782456;0,0786144;0,118855146;0,019161639;0,010853847;0,057140118;0,007293365;0,004741686
1;50-60;1;0,076467675;0,021099691;0,06733944;0,17957184;0,36662584;0,748216;0,939759296;0,084578337;0,225542231;0,460482055;0,0960434;0,026501212;0,007646768;0,002109969;0,006733944;0,017957184;0,036662584;0,0748216;0,09397593;0,008457834;0,022554223;0,046048206;0,00960434;0,002650121
1;50-60;2;0,073881675;0,018513691;0,06475344;0,17698584;0,36403984;0,74563;0,937173296;0,081992337;0,222956231;0,457896055;0,0934574;0,023915212;0,007388168;0,001851369;0,006475344;0,017698584;0,036403984;0,074563;0,09371733;0,008199234;0,022295623;0,045789606;0,00934574;0,002391521
1;50-60;3;0,074743675;0,019375691;0,06561544;0,17784784;0,36490184;0,746492;0,938035296;0,082854337;0,223818231;0,458758055;0,0943194;0,024777212;0,007474368;0,001937569;0,006561544;0,017784784;0,036490184;0,0746492;0,09380353;0,008285434;0,022381823;0,045875806;0,00943194;0,002477721
1;50-60;4;0,079053675;0,023685691;0,06992544;0,18215784;0,36921184;0,750802;0,942345296;0,087164337;0,228128231;0,463068055;0,0986294;0,029087212;0,007905368;0,002368569;0,006992544;0,018215784;0,036921184;0,0750802;0,09423453;0,008716434;0,022812823;0,046306806;0,00986294;0,002908721
1;50-60;5;0,078191675;0,022823691;0,06906344;0,18129584;0,36834984;0,74994;0,941483296;0,086302337;0,227266231;0,462206055;0,0977674;0,028225212;0,007819168;0,002282369;0,006906344;0,018129584;0,036834984;0,074994;0,09414833;0,008630234;0,022726623;0,046220606;0,00977674;0,002822521
2;50-60;1;0,05484906;0,018587737;0,07922642;0,10360378;0,2742453;0,609434;0,81968873;0,106559535;0,139347084;0,368859929;0,073771986;0,025000506;0,005484906;0,001858774;0,007922642;0,010360378;0,02742453;0,0609434;0,081968873;0,010655953;0,013934708;0,036885993;0,007377199;0,002500051
2;50-60;2;0,05226306;0,016001737;0,07664042;0,10101778;0,2716593;0,606848;0,81710273;0,103973535;0,136761084;0,366273929;0,071185986;0,022414506;0,005226306;0,001600174;0,007664042;0,010101778;0,02716593;0,0606848;0,081710273;0,010397353;0,013676108;0,036627393;0,007118599;0,002241451
2;50-60;3;0,05312506;0,016863737;0,07750242;0,10187978;0,2725213;0,60771;0,81796473;0,104835535;0,137623084;0,367135929;0,072047986;0,023276506;0,005312506;0,001686374;0,007750242;0,010187978;0,02725213;0,060771;0,081796473;0,010483553;0,013762308;0,036713593;0,007204799;0,002327651
2;50-60;4;0,05743506;0,021173737;0,08181242;0,10618978;0,2768313;0,61202;0,82227473;0,109145535;0,141933084;0,371445929;0,076357986;0,027586506;0,005743506;0,002117374;0,008181242;0,010618978;0,02768313;0,061202;0,082227473;0,010914553;0,014193308;0,037144593;0,007635799;0,002758651
2;50-60;5;0,05657306;0,020311737;0,08095042;0,10532778;0,2759693;0,611158;0,82141273;0,108283535;0,141071084;0,370583929;0,075495986;0,026724506;0,005657306;0,002031174;0,008095042;0,010532778;0,02759693;0,0611158;0,082141273;0,010828353;0,014107108;0,037058393;0,007549599;0,002672451
4;50-60;1;0,07489056;0,022935234;0,078011;0,1638231;0,3744528;0,78011;1,0063419;0,10063419;0,211331799;0,483044112;0,096608822;0,029586452;0,007489056;0,002293523;0,0078011;0,01638231;0,03744528;0,078011;0,10063419;0,010063419;0,02113318;0,048304411;0,009660882;0,002958645
4;50-60;2;0,07230456;0,020349234;0,075425;0,1612371;0,3718668;0,777524;1,0037559;0,09804819;0,208745799;0,480458112;0,094022822;0,027000452;0,007230456;0,002034923;0,0075425;0,01612371;0,03718668;0,0777524;0,10037559;0,009804819;0,02087458;0,048045811;0,009402282;0,002700045
4;50-60;3;0,07316656;0,021211234;0,076287;0,1620991;0,3727288;0,778386;1,0046179;0,09891019;0,209607799;0,481320112;0,094884822;0,027862452;0,007316656;0,002121123;0,0076287;0,01620991;0,03727288;0,0778386;0,10046179;0,009891019;0,02096078;0,048132011;0,009488482;0,002786245
4;50-60;4;0,07747656;0,025521234;0,080597;0,1664091;0,3770388;0,782696;1,0089279;0,10322019;0,213917799;0,485630112;0,099194822;0,032172452;0,007747656;0,002552123;0,0080597;0,01664091;0,03770388;0,0782696;0,10089279;0,010322019;0,02139178;0,048563011;0,009919482;0,003217245
4;50-60;5;0,07661456;0,024659234;0,079735;0,1655471;0,3761768;0,781834;1,0080659;0,10235819;0,213055799;0,484768112;0,098332822;0,031310452;0,007661456;0,002465923;0,0079735;0,01655471;0,03761768;0,0781834;0,10080659;0,010235819;0,02130558;0,048476811;0,009833282;0,003131045
3;50-60;1;0,06454656;0,022232704;0,08606208;0,12909312;0,32990464;0,717184;1,015532544;0,121863905;0,182795858;0,46714497;0,091397929;0,031481509;0,006454656;0,00222327;0,008606208;0,012909312;0,032990464;0,0717184;0,101553254;0,012186391;0,018279586;0,046714497;0,009139793;0,003148151
3;50-60;2;0,06196056;0,019646704;0,08347608;0,12650712;0,32731864;0,714598;1,012946544;0,119277905;0,180209858;0,46455897;0,088811929;0,028895509;0,006196056;0,00196467;0,008347608;0,012650712;0,032731864;0,0714598;0,101294654;0,011927791;0,018020986;0,046455897;0,008881193;0,002889551
3;50-60;3;0,06282256;0,020508704;0,08433808;0,12736912;0,32818064;0,71546;1,013808544;0,120139905;0,181071858;0,46542097;0,089673929;0,029757509;0,006282256;0,00205087;0,008433808;0,012736912;0,032818064;0,071546;0,101380854;0,012013991;0,018107186;0,046542097;0,008967393;0,002975751
3;50-60;4;0,06713256;0,024818704;0,08864808;0,13167912;0,33249064;0,71977;1,018118544;0,124449905;0,185381858;0,46973097;0,093983929;0,034067509;0,006713256;0,00248187;0,008864808;0,013167912;0,033249064;0,071977;0,101811854;0,012444991;0,018538186;0,046973097;0,009398393;0,003406751
3;50-60;5;0,06627056;0,023956704;0,08778608;0,13081712;0,33162864;0,718908;1,017256544;0,123587905;0,184519858;0,46886897;0,093121929;0,033205509;0,006627056;0,00239567;0,008778608;0,013081712;0,033162864;0,0718908;0,101725654;0,012358791;0,018451986;0,046886897;0,009312193;0,003320551
5;50-60;1;0,04380684;0,028109389;0,11681824;0,06571026;0,35045472;0,730114;1,167452286;0,186792366;0,105070706;0,560377097;0,070047137;0,044946913;0,004380684;0,002810939;0,011681824;0,006571026;0,035045472;0,0730114;0,116745229;0,018679237;0,010507071;0,05603771;0,007004714;0,004494691
5;50-60;2;0,04122084;0,025523389;0,11423224;0,06312426;0,34786872;0,727528;1,164866286;0,184206366;0,102484706;0,557791097;0,067461137;0,042360913;0,004122084;0,002552339;0,011423224;0,006312426;0,034786872;0,0727528;0,116486629;0,018420637;0,010248471;0,05577911;0,006746114;0,004236091
5;50-60;3;0,04208284;0,026385389;0,11509424;0,06398626;0,34873072;0,72839;1,165728286;0,185068366;0,103346706;0,558653097;0,068323137;0,043222913;0,004208284;0,002638539;0,011509424;0,006398626;0,034873072;0,072839;0,116572829;0,018506837;0,010334671;0,05586531;0,006832314;0,004322291
5;50-60;4;0,04639284;0,030695389;0,11940424;0,06829626;0,35304072;0,7327;1,170038286;0,189378366;0,107656706;0,562963097;0,072633137;0,047532913;0,004639284;0,003069539;0,011940424;0,006829626;0,035304072;0,07327;0,117003829;0,018937837;0,010765671;0,05629631;0,007263314;0,004753291
5;50-60;5;0,04553084;0,029833389;0,11854224;0,06743426;0,35217872;0,731838;1,169176286;0,188516366;0,106794706;0,562101097;0,071771137;0,046670913;0,004553084;0,002983339;0,011854224;0,006743426;0,035217872;0,0731838;0,116917629;0,018851637;0,010679471;0,05621011;0,007177114;0,004667091
1;60-80;1;0,07488194;0,02066214;0,065943;0,175848;0,359023;0,7327;1,9284664;0,173561976;0,462831936;0,944948536;0,197089266;0,054382752;0,007488194;0,002066214;0,0065943;0,0175848;0,0359023;0,07327;0,19284664;0,017356198;0,046283194;0,094494854;0,019708927;0,005438275
1;60-80;2;0,07229594;0,01807614;0,063357;0,173262;0,356437;0,730114;1,9258804;0,170975976;0,460245936;0,942362536;0,194503266;0,051796752;0,007229594;0,001807614;0,0063357;0,0173262;0,0356437;0,0730114;0,19258804;0,017097598;0,046024594;0,094236254;0,019450327;0,005179675
1;60-80;3;0,07315794;0,01893814;0,064219;0,174124;0,357299;0,730976;1,9267424;0,171837976;0,461107936;0,943224536;0,195365266;0,052658752;0,007315794;0,001893814;0,0064219;0,0174124;0,0357299;0,0730976;0,19267424;0,017183798;0,046110794;0,094322454;0,019536527;0,005265875
1;60-80;4;0,07746794;0,02324814;0,068529;0,178434;0,361609;0,735286;1,9310524;0,176147976;0,465417936;0,947534536;0,199675266;0,056968752;0,007746794;0,002324814;0,0068529;0,0178434;0,0361609;0,0735286;0,19310524;0,017614798;0,046541794;0,094753454;0,019967527;0,005696875
1;60-80;5;0,07660594;0,02238614;0,067667;0,177572;0,360747;0,734424;1,9301904;0,175285976;0,464555936;0,946672536;0,198813266;0,056106752;0,007660594;0,002238614;0,0067667;0,0177572;0,0360747;0,0734424;0,19301904;0,017528598;0,046455594;0,094667254;0,019881327;0,005610675
2;60-80;1;0,054306;0,0184037;0,078442;0,102578;0,27153;0,6034;1,6545228;0,215087964;0,281268876;0,74453526;0,148907052;0,050462945;0,0054306;0,00184037;0,0078442;0,0102578;0,027153;0,06034;0,16545228;0,021508796;0,028126888;0,074453526;0,014890705;0,005046295
2;60-80;2;0,05172;0,0158177;0,075856;0,099992;0,268944;0,600814;1,6519368;0,212501964;0,278682876;0,74194926;0,146321052;0,047876945;0,005172;0,00158177;0,0075856;0,0099992;0,0268944;0,0600814;0,16519368;0,021250196;0,027868288;0,074194926;0,014632105;0,004787695
2;60-80;3;0,052582;0,0166797;0,076718;0,100854;0,269806;0,601676;1,6527988;0,213363964;0,279544876;0,74281126;0,147183052;0,048738945;0,0052582;0,00166797;0,0076718;0,0100854;0,0269806;0,0601676;0,16527988;0,021336396;0,027954488;0,074281126;0,014718305;0,004873895
2;60-80;4;0,056892;0,0209897;0,081028;0,105164;0,274116;0,605986;1,6571088;0,217673964;0,283854876;0,74712126;0,151493052;0,053048945;0,0056892;0,00209897;0,0081028;0,0105164;0,0274116;0,0605986;0,16571088;0,021767396;0,028385488;0,074712126;0,015149305;0,005304895
2;60-80;5;0,05603;0,0201277;0,080166;0,104302;0,273254;0,605124;1,6562468;0,216811964;0,282992876;0,74625926;0,150631052;0,052186945;0,005603;0,00201277;0,0080166;0,0104302;0,0273254;0,0605124;0,16562468;0,021681196;0,028299288;0,074625926;0,015063105;0,005218695
4;60-80;1;0,0744768;0,02280852;0,07758;0,162918;0,372384;0,7758;2,0356992;0,20356992;0,427496832;0,977135616;0,195427123;0,029924778;0,00744768;0,002280852;0,007758;0,0162918;0,0372384;0,07758;0,20356992;0,020356992;0,042749683;0,097713562;0,019542712;0,002992478
4;60-80;2;0,0718908;0,02022252;0,074994;0,160332;0,369798;0,773214;2,0331132;0,20098392;0,424910832;0,974549616;0,192841123;0,027338778;0,00718908;0,002022252;0,0074994;0,0160332;0,0369798;0,0773214;0,20331132;0,020098392;0,042491083;0,097454962;0,019284112;0,002733878
4;60-80;3;0,0727528;0,02108452;0,075856;0,161194;0,37066;0,774076;2,0339752;0,20184592;0,425772832;0,975411616;0,193703123;0,028200778;0,00727528;0,002108452;0,0075856;0,0161194;0,037066;0,0774076;0,20339752;0,020184592;0,042577283;0,097541162;0,019370312;0,002820078
4;60-80;4;0,0770628;0,02539452;0,080166;0,165504;0,37497;0,778386;2,0382852;0,20615592;0,430082832;0,979721616;0,198013123;0,032510778;0,00770628;0,002539452;0,0080166;0,0165504;0,037497;0,0778386;0,20382852;0,020615592;0,043008283;0,097972162;0,019801312;0,003251078
4;60-80;5;0,0762008;0,02453252;0,079304;0,164642;0,374108;0,777524;2,0374232;0,20529392;0,429220832;0,978859616;0,197151123;0,031648778;0,00762008;0,002453252;0,0079304;0,0164642;0,0374108;0,0777524;0,20374232;0,020529392;0,042922083;0,097885962;0,019715112;0,003164878
3;60-80;1;0,06299496;0,021698264;0,08399328;0,12598992;0,32197424;0,699944;1,990640736;0,238876888;0,358315332;0,915694739;0,179157666;0,030854931;0,006299496;0,002169826;0,008399328;0,012598992;0,032197424;0,0699944;0,199064074;0,023887689;0,035831533;0,091569474;0,017915767;0,003085493
3;60-80;2;0,06040896;0,019112264;0,08140728;0,12340392;0,31938824;0,697358;1,988054736;0,236290888;0,355729332;0,913108739;0,176571666;0,028268931;0,006040896;0,001911226;0,008140728;0,012340392;0,031938824;0,0697358;0,198805474;0,023629089;0,035572933;0,091310874;0,017657167;0,002826893
3;60-80;3;0,06127096;0,019974264;0,08226928;0,12426592;0,32025024;0,69822;1,988916736;0,237152888;0,356591332;0,913970739;0,177433666;0,029130931;0,006127096;0,001997426;0,008226928;0,012426592;0,032025024;0,069822;0,198891674;0,023715289;0,035659133;0,091397074;0,017743367;0,002913093
3;60-80;4;0,06558096;0,024284264;0,08657928;0,12857592;0,32456024;0,70253;1,993226736;0,241462888;0,360901332;0,918280739;0,181743666;0,033440931;0,006558096;0,002428426;0,008657928;0,012857592;0,032456024;0,070253;0,199322674;0,024146289;0,036090133;0,091828074;0,018174367;0,003344093
3;60-80;5;0,06471896;0,023422264;0,08571728;0,12771392;0,32369824;0,701668;1,992364736;0,240600888;0,360039332;0,917418739;0,180881666;0,032578931;0,006471896;0,002342226;0,008571728;0,012771392;0,032369824;0,0701668;0,199236474;0,024060089;0,036003933;0,091741874;0,018088167;0,003257893
5;60-80;1;0,04147944;0,026615974;0,11061184;0,06221916;0,33183552;0,691324;2,230211224;0,356833796;0,20071901;1,070501388;0,133812673;0,085863132;0,004147944;0,002661597;0,011061184;0,006221916;0,033183552;0,0691324;0,223021122;0,03568338;0,020071901;0,107050139;0,013381267;0,008586313
5;60-80;2;0,03889344;0,024029974;0,10802584;0,05963316;0,32924952;0,688738;2,227625224;0,354247796;0,19813301;1,067915388;0,131226673;0,083277132;0,003889344;0,002402997;0,010802584;0,005963316;0,032924952;0,0688738;0,222762522;0,03542478;0,019813301;0,106791539;0,013122667;0,008327713
5;60-80;3;0,03975544;0,024891974;0,10888784;0,06049516;0,33011152;0,6896;2,228487224;0,355109796;0,19899501;1,068777388;0,132088673;0,084139132;0,003975544;0,002489197;0,010888784;0,006049516;0,033011152;0,06896;0,222848722;0,03551098;0,019899501;0,106877739;0,013208867;0,008413913
5;60-80;4;0,04406544;0,029201974;0,11319784;0,06480516;0,33442152;0,69391;2,232797224;0,359419796;0,20330501;1,073087388;0,136398673;0,088449132;0,004406544;0,002920197;0,011319784;0,006480516;0,033442152;0,069391;0,223279722;0,03594198;0,020330501;0,107308739;0,013639867;0,008844913
5;60-80;5;0,04320344;0,028339974;0,11233584;0,06394316;0,33355952;0,693048;2,231935224;0,358557796;0,20244301;1,072225388;0,135536673;0,087587132;0,004320344;0,002833997;0,011233584;0,006394316;0,033355952;0,0693048;0,223193522;0,03585578;0,020244301;0,107222539;0,013553667;0,008758713
1;80-100;1;0,067569939;0,018644543;0,05950386;0,15867696;0,32396546;0,661154;1,761314256;0,158518283;0,422715421;0,863043985;0,180006317;0,049669062;0,006756994;0,001864454;0,005950386;0,015867696;0,032396546;0,0661154;0,176131426;0,015851828;0,042271542;0,086304399;0,018000632;0,004966906
1;80-100;2;0,064983939;0,016058543;0,05691786;0,15609096;0,32137946;0,658568;1,758728256;0,155932283;0,420129421;0,860457985;0,177420317;0,047083062;0,006498394;0,001605854;0,005691786;0,015609096;0,032137946;0,0658568;0,175872826;0,015593228;0,042012942;0,086045799;0,017742032;0,004708306
1;80-100;3;0,065845939;0,016920543;0,05777986;0,15695296;0,32224146;0,65943;1,759590256;0,156794283;0,420991421;0,861319985;0,178282317;0,047945062;0,006584594;0,001692054;0,005777986;0,015695296;0,032224146;0,065943;0,175959026;0,015679428;0,042099142;0,086131999;0,017828232;0,004794506
1;80-100;4;0,070155939;0,021230543;0,06208986;0,16126296;0,32655146;0,66374;1,763900256;0,161104283;0,425301421;0,865629985;0,182592317;0,052255062;0,007015594;0,002123054;0,006208986;0,016126296;0,032655146;0,066374;0,176390026;0,016110428;0,042530142;0,086562999;0,018259232;0,005225506
1;80-100;5;0,069293939;0,020368543;0,06122786;0,16040096;0,32568946;0,662878;1,763038256;0,160242283;0,424439421;0,864767985;0,181730317;0,051393062;0,006929394;0,002036854;0,006122786;0,016040096;0,032568946;0,0662878;0,176303826;0,016024228;0,042443942;0,086476799;0,018173032;0,005139306
2;80-100;1;0,04934088;0,016721076;0,07127016;0,09319944;0,2467044;0,548232;1,512023856;0,196563101;0,257044056;0,680410735;0,136082147;0,046116728;0,004934088;0,001672108;0,007127016;0,009319944;0,02467044;0,0548232;0,151202386;0,01965631;0,025704406;0,068041074;0,013608215;0,004611673
2;80-100;2;0,04675488;0,014135076;0,06868416;0,09061344;0,2441184;0,545646;1,509437856;0,193977101;0,254458056;0,677824735;0,133496147;0,043530728;0,004675488;0,001413508;0,006868416;0,009061344;0,02441184;0,0545646;0,150943786;0,01939771;0,025445806;0,067782474;0,013349615;0,004353073
2;80-100;3;0,04761688;0,014997076;0,06954616;0,09147544;0,2449804;0,546508;1,510299856;0,194839101;0,255320056;0,678686735;0,134358147;0,044392728;0,004761688;0,001499708;0,006954616;0,009147544;0,02449804;0,0546508;0,151029986;0,01948391;0,025532006;0,067868674;0,013435815;0,004439273
2;80-100;4;0,05192688;0,019307076;0,07385616;0,09578544;0,2492904;0,550818;1,514609856;0,199149101;0,259630056;0,682996735;0,138668147;0,048702728;0,005192688;0,001930708;0,007385616;0,009578544;0,02492904;0,0550818;0,151460986;0,01991491;0,025963006;0,068299674;0,013866815;0,004870273
2;80-100;5;0,05106488;0,018445076;0,07299416;0,09492344;0,2484284;0,549956;1,513747856;0,198287101;0,258768056;0,682134735;0,137806147;0,047840728;0,005106488;0,001844508;0,007299416;0,009492344;0,02484284;0,0549956;0,151374786;0,01982871;0,025876806;0,068213474;0,013780615;0,004784073
4;80-100;1;0,070008192;0,021440009;0,0729252;0,15314292;0,35004096;0,729252;1,9325178;0,19325178;0,405828738;0,927608544;0,185521709;0,028408012;0,007000819;0,002144001;0,00729252;0,015314292;0,035004096;0,0729252;0,19325178;0,019325178;0,040582874;0,092760854;0,018552171;0,002840801
4;80-100;2;0,067422192;0,018854009;0,0703392;0,15055692;0,34745496;0,726666;1,9299318;0,19066578;0,403242738;0,925022544;0,182935709;0,025822012;0,006742219;0,001885401;0,00703392;0,015055692;0,034745496;0,0726666;0,19299318;0,019066578;0,040324274;0,092502254;0,018293571;0,002582201
4;80-100;3;0,068284192;0,019716009;0,0712012;0,15141892;0,34831696;0,727528;1,9307938;0,19152778;0,404104738;0,925884544;0,183797709;0,026684012;0,006828419;0,001971601;0,00712012;0,015141892;0,034831696;0,0727528;0,19307938;0,019152778;0,040410474;0,092588454;0,018379771;0,002668401
4;80-100;4;0,072594192;0,024026009;0,0755112;0,15572892;0,35262696;0,731838;1,9351038;0,19583778;0,408414738;0,930194544;0,188107709;0,030994012;0,007259419;0,002402601;0,00755112;0,015572892;0,035262696;0,0731838;0,19351038;0,019583778;0,040841474;0,093019454;0,018810771;0,003099401
4;80-100;5;0,071732192;0,023164009;0,0746492;0,15486692;0,35176496;0,730976;1,9342418;0,19497578;0,407552738;0,929332544;0,187245709;0,030132012;0,007173219;0,002316401;0,00746492;0,015486692;0,035176496;0,0730976;0,19342418;0,019497578;0,040755274;0,092933254;0,018724571;0,003013201
3;80-100;1;0,0601245;0,02070955;0,080166;0,120249;0,307303;0,66805;1,9386811;0,232641732;0,348962598;0,891793306;0,174481299;0,030049557;0,00601245;0,002070955;0,0080166;0,0120249;0,0307303;0,066805;0,19386811;0,023264173;0,03489626;0,089179331;0,01744813;0,003004956
3;80-100;2;0,0575385;0,01812355;0,07758;0,117663;0,304717;0,665464;1,9360951;0,230055732;0,346376598;0,889207306;0,171895299;0,027463557;0,00575385;0,001812355;0,007758;0,0117663;0,0304717;0,0665464;0,19360951;0,023005573;0,03463766;0,088920731;0,01718953;0,002746356
3;80-100;3;0,0584005;0,01898555;0,078442;0,118525;0,305579;0,666326;1,9369571;0,230917732;0,347238598;0,890069306;0,172757299;0,028325557;0,00584005;0,001898555;0,0078442;0,0118525;0,0305579;0,0666326;0,19369571;0,023091773;0,03472386;0,089006931;0,01727573;0,002832556
3;80-100;4;0,0627105;0,02329555;0,082752;0,122835;0,309889;0,670636;1,9412671;0,235227732;0,351548598;0,894379306;0,177067299;0,032635557;0,00627105;0,002329555;0,0082752;0,0122835;0,0309889;0,0670636;0,19412671;0,023522773;0,03515486;0,089437931;0,01770673;0,003263556
3;80-100;5;0,0618485;0,02243355;0,08189;0,121973;0,309027;0,669774;1,9404051;0,234365732;0,350686598;0,893517306;0,176205299;0,031773557;0,00618485;0,002243355;0,008189;0,0121973;0,0309027;0,0669774;0,19404051;0,023436573;0,03506866;0,089351731;0,01762053;0,003177356
5;80-100;1;0,03873828;0,024857063;0,10330208;0,05810742;0,30990624;0,645638;2,126731572;0,340277052;0,191405841;1,020831155;0,127603894;0,081879166;0,003873828;0,002485706;0,010330208;0,005810742;0,030990624;0,0645638;0,212673157;0,034027705;0,019140584;0,102083115;0,012760389;0,008187917
5;80-100;2;0,03615228;0,022271063;0,10071608;0,05552142;0,30732024;0,643052;2,124145572;0,337691052;0,188819841;1,018245155;0,125017894;0,079293166;0,003615228;0,002227106;0,010071608;0,005552142;0,030732024;0,0643052;0,212414557;0,033769105;0,018881984;0,101824515;0,012501789;0,007929317
5;80-100;3;0,03701428;0,023133063;0,10157808;0,05638342;0,30818224;0,643914;2,125007572;0,338553052;0,189681841;1,019107155;0,125879894;0,080155166;0,003701428;0,002313306;0,010157808;0,005638342;0,030818224;0,0643914;0,212500757;0,033855305;0,018968184;0,101910715;0,012587989;0,008015517
5;80-100;4;0,04132428;0,027443063;0,10588808;0,06069342;0,31249224;0,648224;2,129317572;0,342863052;0,193991841;1,023417155;0,130189894;0,084465166;0,004132428;0,002744306;0,010588808;0,006069342;0,031249224;0,0648224;0,212931757;0,034286305;0,019399184;0,102341715;0,013018989;0,008446517
5;80-100;5;0,04046228;0,026581063;0,10502608;0,05983142;0,31163024;0,647362;2,128455572;0,342001052;0,193129841;1,022555155;0,129327894;0,083603166;0,004046228;0,002658106;0,010502608;0,005983142;0,031163024;0,0647362;0,212845557;0,034200105;0,019312984;0,102255515;0,012932789;0,008360317
